"","20601","20602","20603","20604","20605","20606","20607","20701","20702","20703","20801","20802","20803","20804","20901","20902","20903","20904","21001","21002","21003","21004","21005","21101","21102","21103","21104","21105","21201","21202","21203","21204","21205","21301","21302","21303","21304","21305","21401","21402"
"1",0.155308822551692,0.0149369501141325,0.0230259512886998,0.396759967200762,0.0475145712829377,0.013208341643951,0.081621346098442,0.0222724552888771,0.00452097599893624,0.00828845599804977,0.00208319482303925,0.00480907741063316,0.00316911552866609,0.00359018682268466,0.0154688296434191,0.0261729051703123,0.00208319482303925,0.0150477583494005,0.0197017042306584,0.000731334352769098,0.0202557454069986,0.00130753717616293,0.037298051991224,0.00385612658732797,0.00022161647053609,0.00274804423464752,0.00243778117589699,0.00124105223500211,0.000288101411696917,0.000753495999822707,0.000487556235179399,0.00409990470491767,0.0112581167032334,0.0155574762316335,0.00618309952795692,0.0193027945836935,0.00414422799902489,0.00700308046894045,0.000598364470447444,0.000642687764554662
"2",0.0299200412690224,0.140277828954641,0.00711153690261248,0.340248351081469,0.042337595342496,0.0157706621467261,0.122738494417628,0.0380633037326357,0.00895390397582814,0.0149968679759755,0.00235822985371605,0.00504808578061093,0.00316887136593095,0.00449537565864623,0.0391687239765651,0.0490806588304654,0.00375842882935996,0.0254246656103762,0.00725892626846973,0.000257931390250193,0.00733262095139836,0.000479015439036074,0.0209661372931943,0.005527101219647,0.00077379417075058,0.00530601717086112,0.00416374958546741,0.00173182504882273,0.000405320756107447,0.00099487821953646,0.000589557463429014,0.0060798113416117,0.0154390360735473,0.00759055234164855,0.00361103946350271,0.0100593242197575,0.0022108404878588,0.00453222300011054,0.000921183536607834,0.000847488853679207
"3",0.0246396601426187,0.00631163708086785,0.166985282961614,0.362039144287665,0.049977241693218,0.0107115763920498,0.0468517675618267,0.0152025489303596,0.00242755272341071,0.00576543771810044,0.00276134122287968,0.00379305113032924,0.00221514186011227,0.00303444090426339,0.00776816871491428,0.0121984524351388,0.000667576998937946,0.0127143073888636,0.0568350781368533,0.00115308754362009,0.0135032620239721,0.00303444090426339,0.0534971931421636,0.00270065240479442,0.000273099681383705,0.00215445304202701,0.00151722045213169,0.000606888180852678,0.000242755272341071,0.000728265817023213,0.000242755272341071,0.00443028372022455,0.0090426338947049,0.0319223183128509,0.0124412077074799,0.0448186921559703,0.00767713548778638,0.0160218479745107,0.000606888180852678,0.000485510544682142
"4",0.0105105588462529,0.00466778264228689,0.00912631985578161,0.638778006695854,0.0689866082925573,0.0226146021117693,0.0648338913211434,0.0236769250579449,0.00320306464074169,0.00977015194437291,0.0050218902910121,0.0073074942055112,0.00531161473087819,0.00500579448879732,0.00592325521503992,0.00597154262168426,0.000595544681946948,0.00453901622456863,0.00558524336852949,0.000321916044295648,0.00212464589235127,0.00040239505536956,0.0137941024980685,0.00407223796033994,0.000257532835436518,0.0028328611898017,0.00278457378315735,0.000981843935101725,0.000321916044295648,0.00172225083698172,0.000466778264228689,0.00682462013906773,0.0163533350502189,0.00981843935101726,0.00687290754571208,0.0153392995106876,0.00206026268349215,0.00859515838269379,0.00149690960597476,0.00112670615503477
"5",0.00475680386354146,0.00234209045189637,0.00354036928775032,0.369015414223207,0.267724541113673,0.0436645545489206,0.0574992283810527,0.025563281831551,0.00187004121352966,0.00858766499028668,0.0220410682837379,0.0307013562337733,0.0204978303890775,0.0119827883585396,0.00410319722580294,0.00401241852611703,0.000363114798743623,0.00328618892862979,0.00502913996259918,9.07786996859057e-05,0.00128905753553986,0.000344959058806442,0.0105666406434394,0.00566459086040052,0.000181557399371811,0.002305778972022,0.00255995933114254,0.000980409956607781,0.000562827938052615,0.00239655767170791,0.00123459031572832,0.0153234445069809,0.0298843479366002,0.00780696817298789,0.00771618947330198,0.00905971422865339,0.00223315601227328,0.00820639445160587,0.00352221354781314,0.00148877067484885
"6",0.00448002774726863,0.0016763974796231,0.00213885195676051,0.374038961789699,0.0912191456153535,0.201312214578877,0.0811607607376149,0.0426325221111047,0.00280363026764553,0.0102318053066651,0.0123995606682467,0.0223134285218799,0.014133764957512,0.0231227238568703,0.00445112434244754,0.00367073241227817,0.000231227238568703,0.00242788600497139,0.00300595410139314,8.67102144632638e-05,0.000924908954274814,0.000260130643389791,0.00676339672813457,0.00705243077634545,8.67102144632638e-05,0.00271692005318226,0.00260130643389791,0.00106942597838025,0.000867102144632638,0.0035840221978149,0.0011850395976646,0.0143649921960807,0.0366206139083184,0.00465344817619516,0.00390195965084687,0.00572287415457541,0.000606971501242846,0.0050291924388693,0.00271692005318226,0.00173420428926528
"7",0.0136116520610191,0.0118670886075949,0.00425998052580331,0.407254138266797,0.0538583252190847,0.0291098669263226,0.252779130152548,0.0471234988640052,0.0053554040895813,0.0135305095748134,0.0039354105809802,0.00839824732229795,0.00563940279130153,0.00716082440765985,0.0156402142161636,0.0127799415774099,0.00150113599480688,0.00817510548523207,0.00454397922752353,0.000243427458617332,0.00217056150600454,0.000304284323271665,0.00977766958779617,0.00649139889646219,0.000425998052580331,0.00531483284647842,0.0037528399870172,0.00219084712755599,0.000486854917234664,0.00223141837065888,0.000628854268094774,0.00998052580331061,0.0216650438169426,0.00545683219733853,0.00440197987666342,0.00961538461538462,0.00115628042843233,0.00428026614735475,0.00188656280428432,0.00101428107757222
"8",0.00579299528212393,0.00593212835658542,0.00289649764106196,0.286601484929358,0.0402221069806858,0.0267641441418651,0.0739682017682549,0.273130873629223,0.0167971566258965,0.0429794715472863,0.00564121374634776,0.0115859905642479,0.00957488521521357,0.0219197834583423,0.016695968935379,0.00961283059915761,0.0016063545869645,0.0068807629551865,0.00317476378998495,0.00024032076497894,0.00180872996799939,0.000101187690517449,0.00837328139031887,0.0138121197556317,0.00110041613437725,0.00994169059333932,0.009954339054654,0.00328859994181708,0.000847446908083632,0.00369335070388687,0.00139133074461492,0.0181505419865673,0.0454838668875931,0.00390837454623645,0.00313681840604091,0.00509732990981647,0.000860095369398313,0.0033391937870758,0.00228937149795727,0.0014039792059296
"9",0.0107990225702199,0.00959037284216611,0.00283769936151764,0.20838697811293,0.0304527181481384,0.0117449223573925,0.0466118395123361,0.070916209043853,0.229196773430726,0.0678683097296303,0.00220709950340261,0.00570167371712341,0.00822407314958354,0.00780367324417352,0.0372579416169631,0.0205207703828267,0.0083817231141123,0.0179195459681022,0.00617462361070969,0.000236474946793137,0.00491342389447962,0.000236474946793137,0.0165532462755196,0.022885519850758,0.00701542342152973,0.0239365196142831,0.0268530439580651,0.0069891484274416,0.000761974828555664,0.00359967419007331,0.000893349798996295,0.0203368454242098,0.0404897658898027,0.00512362384718463,0.0034945742137208,0.00546519877033028,0.0014976746630232,0.00283769936151764,0.00210199952705011,0.00118237473396568
"10",0.00418296515703077,0.00354986772785855,0.00149230108304882,0.210685780179528,0.030660004069912,0.0147421258507247,0.0425305808668913,0.105162005110001,0.0298460216609763,0.234449544395957,0.00427340764691252,0.0114183643475705,0.0129558866755602,0.0160987631989509,0.0145838514934316,0.00730323105795103,0.00223845162457322,0.00540393877043435,0.00208017726728017,6.78318674113098e-05,0.0013566373482262,0,0.00633097429172225,0.031745313948493,0.00339159337056549,0.0261604901982952,0.0435480588780609,0.00820765595676849,0.00108530987858096,0.0054943812603161,0.001605354195401,0.0292129242318041,0.0723539919053972,0.00262283220657065,0.0022836728695141,0.00352725710538811,0.000610486806701789,0.00244194722680715,0.00323331901327244,0.00106269925611052
"11",0.00200460147155972,0.00118453723319438,0.00159456935237705,0.239276521105264,0.0802979566732727,0.0269710016173489,0.0308207476252306,0.022164513998041,0.00145789197931616,0.00838287888106791,0.272215768012939,0.0523018747579672,0.102143556800838,0.0133943825599672,0.00150345110366979,0.00175402628761475,0.00022779562176815,0.00127565548190164,0.00230073577985831,6.83386865304449e-05,0.000569489054420374,0,0.00592268616597189,0.00742613726964168,0.000159456935237705,0.00255131096380328,0.00234629490421194,0.000660607303127634,0.000888402924895783,0.00432811681359484,0.00179958541196838,0.0340782250165152,0.0471309141438302,0.00369028907264402,0.00435089637577166,0.00400920294311943,0.000728945989658079,0.00373584819699765,0.0107519533474567,0.00353083213740632
"12",0.00261716805348126,0.00150771637863594,0.00159305881516251,0.25148993670436,0.0819856340231847,0.0392006258445345,0.0371950785861603,0.0336960386885712,0.00240381196216485,0.0149207026527274,0.0401251689069056,0.220738212075955,0.0610909608135979,0.0317758338667236,0.00285897162363986,0.00270251049000782,0.000213356091316407,0.00200554725837423,0.00246070691984923,0,0.000654292013370315,7.1118697105469e-05,0.00453737287532892,0.00928810184197425,0.000156461133632032,0.00277362918711329,0.0036839485100633,0.00163573003342579,0.00129436028731954,0.00598819429628049,0.00199132351895313,0.0376786857264775,0.0733802716734229,0.00406798947443283,0.00419600312922267,0.00476495270606643,0.00102410923831875,0.00337102624279923,0.00664248630965081,0.00221890334969063
"13",0.00105215419501134,0.000997732426303855,0.000979591836734694,0.155990929705215,0.0452789115646259,0.0146575963718821,0.0203174603174603,0.0167074829931973,0.00217687074829932,0.00957823129251701,0.0673741496598639,0.0440272108843537,0.315791383219955,0.012734693877551,0.00203174603174603,0.00175963718820862,0.00036281179138322,0.00141496598639456,0.00170521541950113,7.2562358276644e-05,0.000380952380952381,9.0702947845805e-05,0.00377324263038549,0.0145850340136054,0.000108843537414966,0.00457142857142857,0.00379138321995465,0.00165079365079365,0.00237641723356009,0.0122448979591837,0.00829024943310658,0.0924263038548753,0.0719274376417234,0.00232199546485261,0.00277551020408163,0.00252154195011338,0.000943310657596372,0.00270294784580499,0.0434104308390023,0.0140952380952381
"14",0.00258306320907618,0.00217787682333874,0.0022791734197731,0.289049837925446,0.0642220421393841,0.0642726904376013,0.0487743111831442,0.0712621555915721,0.00410251215559157,0.0191957050243112,0.013219205834684,0.0399108589951378,0.0199554294975689,0.180054700162075,0.00557131280388979,0.00303889789303079,0.000506482982171799,0.0022791734197731,0.00283630470016207,0,0.000557131280388979,0,0.00511547811993517,0.0116997568881686,0.0002532414910859,0.00430510534846029,0.00465964343598055,0.0017726904376013,0.00157009724473258,0.00587520259319287,0.00293760129659643,0.0309461102106969,0.0718192868719611,0.00374797406807131,0.00374797406807131,0.00440640194489465,0.0010129659643436,0.00359602917341977,0.00445705024311183,0.00222852512155592
"15",0.0136718399569391,0.0194491791513412,0.00536467210908765,0.211339373822553,0.0278281151879429,0.00843276217816453,0.051421907239616,0.0428276666367633,0.0269848389701265,0.0217816452857271,0.00170449448282049,0.00364223557907957,0.00344487306001615,0.00326545258814031,0.259657306898717,0.0628868753924823,0.0320444962770252,0.0656678927065578,0.0108011124069256,0.000251188660626177,0.00748183367722257,0.000645913698753028,0.0374271104333004,0.00780479052659909,0.00193774109625908,0.00843276217816453,0.00674620974253162,0.00333722077689064,0.000358840943751682,0.00143536377500673,0.000322956849376514,0.00841482013097694,0.017385843724769,0.00724858706378398,0.00403696061720642,0.00590293352471517,0.00181214676594599,0.00484435274064771,0.00114829102000538,0.000807392123441285
"16",0.0354865539229276,0.0402500189026388,0.010812309398392,0.239357814350883,0.0332938478211558,0.0103838495854021,0.0711495324747335,0.0255815711873378,0.0116440255059606,0.011694432542783,0.00206668850971596,0.00367971368803085,0.00360410313279734,0.00327645739345213,0.0522468936663558,0.201451722660483,0.00541875645840159,0.0753333165309877,0.0156009778965144,0.000201628147289362,0.0189530458452,0.000957733699624468,0.0564810847594324,0.00456183683242181,0.000453663331401064,0.00415858053784308,0.00320084683821862,0.0016886357335484,0.000378052776167553,0.00123497240214734,0.000252035184111702,0.00579680923456915,0.0123497240214734,0.0113667868034378,0.00493988960858936,0.00965294755147819,0.00241953776747234,0.00693096756307181,0.000982937218035638,0.000705698515512766
"17",0.00816901408450704,0.0111111111111111,0.00312989045383412,0.140219092331768,0.0205633802816901,0.00597809076682316,0.0317683881064163,0.0308920187793427,0.0339906103286385,0.0237558685446009,0.00143974960876369,0.00219092331768388,0.00353677621283255,0.0028169014084507,0.122065727699531,0.0379655712050078,0.243693270735524,0.0909859154929577,0.0130829420970266,0.000125195618153365,0.00507042253521127,0.000563380281690141,0.048075117370892,0.0137402190923318,0.00876369327073552,0.0206885758998435,0.00948356807511737,0.0143348982785602,0.000500782472613459,0.00156494522691706,0.000250391236306729,0.00989045383411581,0.018716744913928,0.00560250391236307,0.0037245696400626,0.00381846635367762,0.00194053208137715,0.00413145539906103,0.00103286384976526,0.000625978090766823
"18",0.0175271799919467,0.0145519216142454,0.00749407185360834,0.131951590532862,0.0217216231935931,0.00476488747707038,0.0323475459710975,0.0164981432598094,0.0113082188716389,0.00970873786407767,0.00112970336897678,0.00220348082859827,0.00282985101337748,0.00214755491924299,0.0671670171356986,0.0722562748870297,0.0204241420965505,0.320030423694689,0.0229296228356673,0.000771777549102948,0.0162744396223883,0.00133103664265581,0.126269518142365,0.00463066529461769,0.00092837009529775,0.00427273947474386,0.00304236946892756,0.00187911055433761,0.000223703637421144,0.000961925640910921,0.000257259183034316,0.00601762784662879,0.0104581450494385,0.0133886626996555,0.00684533130508702,0.0077401458547716,0.00421681356538857,0.010558811686278,0.000503333184197575,0.000436222092971232
"19",0.0229263166089292,0.00529368261258807,0.0794830874625355,0.231910007395586,0.0379899575726908,0.00685064808687867,0.0292320267798062,0.0106262893620334,0.00171266202171967,0.00299715853800942,0.00159588961114787,0.00311393094858122,0.00303608267486668,0.00151804133743334,0.00953641353002997,0.0129617375734693,0.00120664824257522,0.0175937098594839,0.204118173679499,0.00159588961114787,0.016581682301195,0.00432057919115644,0.0908100112879997,0.00260791716943677,0.000116772410571796,0.00147911720057608,0.00112879996886069,0.000700634463430773,0.000116772410571796,0.000778482737145304,0.000116772410571796,0.005137986065159,0.00821299287688296,0.0632906465299132,0.0178661788174847,0.0598263983496166,0.0146354754583317,0.0260402475575104,0.000544937916001713,0.000389241368572652
"20",0.00688625238529827,0.00265494067866921,0.0147681075250975,0.143366796648137,0.0267153405791089,0.00398241101800382,0.015265908902348,0.00613955031942255,0.00165933792416826,0.0019082386127935,0,0.00132747033933461,0.00248900688625239,0.00132747033933461,0.00472911308387953,0.00829668962084128,0.00124450344312619,0.0224010619762715,0.0526010121961337,0.365054343317017,0.00630548411183938,0.0628889073259769,0.105450925080893,0.00182527171658508,0,0.000995602754500954,0.000248900688625239,0.000497801377250477,0,0.00107856965070937,0.000248900688625239,0.00373351032937858,0.00572471583838049,0.0425620177549158,0.0108686634033021,0.0170082137227246,0.0336015929644072,0.0230647971459388,0.000414834481042064,0.000663735169667303
"21",0.0631633445508672,0.0109047372508413,0.0350440072482527,0.265499611700751,0.0408037794460264,0.00838079213046855,0.0416774527569247,0.0147230132021745,0.0049184571576495,0.00637457934247994,0.00200621278798861,0.00375355940978514,0.00320346880662697,0.00190913797566658,0.0167939425317111,0.0324877038571059,0.00187677970489257,0.0331672275433601,0.0464664768314781,0.0010031063939943,0.143703080507378,0.00226507895418069,0.118916645094486,0.00275045301579084,0.000420657520062128,0.00168263008024851,0.00148848045560445,0.000970748123220295,0.000453015790836138,0.00103546466476831,0.000291224436966089,0.00543618949003365,0.0104840797307792,0.0248835102252136,0.00886616619207869,0.0203857105876262,0.00676287859176806,0.0143347139528864,0.000517732332384157,0.000194149624644059
"22",0.0125034731869964,0.00277854959711031,0.0206724090025007,0.141928313420395,0.0248402333981662,0.00305640455682134,0.0179494303973326,0.00527924423450959,0.000944706863017505,0.00305640455682134,0.00105584884690192,0.00144484579049736,0.00238955265351487,0.00211169769380383,0.00694637399277577,0.00978049458182829,0.00105584884690192,0.0216171158655182,0.0781883856626841,0.037454848569047,0.0106140594609614,0.277132536815782,0.139260905807169,0.00161155876632398,0,0.000611280911364268,0.000889135871075299,0.000277854959711031,0,0.000666851903306474,0.000555709919422062,0.00344540150041678,0.00577938316198944,0.0645179216449014,0.0165045846068352,0.0200055570991942,0.0331758821894971,0.0298971936649069,0,0
"23",0.026517333694805,0.00640482564641296,0.0239926801992612,0.142498898641093,0.0258226303839507,0.00489681114236335,0.0217560744179742,0.00799756006642041,0.00294825307533295,0.00349046053746315,0.00118607882340981,0.00188078213426412,0.0022704937476702,0.00133857467213393,0.0161137280151818,0.0283981158290691,0.00298214104171609,0.0671320614049951,0.0678267647158494,0.000965807041919414,0.0370903792063438,0.00357518045342099,0.402453488766139,0.00259242942831001,0.000237215764681961,0.00137246263851706,0.00150801450404961,0.000542207462130198,0.000186383815107255,0.000525263478938629,0.000203327798298824,0.00389711613406079,0.00699786505811786,0.0279406282828967,0.0110813650072859,0.0173675827713579,0.00716730489003355,0.0179775661662544,0.000542207462130198,0.000321935680639805
"24",0.00148016172137326,0.00175426574384979,0.000589323648324539,0.0985541012814363,0.021325292948674,0.00789419584732406,0.0181730966901939,0.0325909682724594,0.0104981840608511,0.0453779209209895,0.00475570478996779,0.0106489412732132,0.0216268073733982,0.0116357157541287,0.00518056602480641,0.00316590145960392,0.00112382649215377,0.00256287261015555,0.0018639073528404,4.11156033714795e-05,0.00050709244158158,0.000123346810114438,0.0039333927225382,0.31375316932776,0.00205578016857397,0.0646474337010896,0.0338244363736038,0.0325087370657164,0.00444048516411978,0.019749194819434,0.00635921332145549,0.0775303227574865,0.119290070581786,0.00209689577194545,0.00204207496745015,0.00197354896183101,0.00100047968203933,0.00230247378880285,0.00833276228328651,0.00268621942026999
"25",0.00443131462333826,0.00566223535204333,0.00123092072870507,0.144099786640407,0.0216642048252093,0.00730346299031676,0.0353684556047924,0.0525192844247497,0.0924831774167077,0.0576070901033973,0.00188741178401444,0.00385688494994256,0.00787789266371246,0.00492368291482029,0.0223206958805186,0.00894469062859019,0.0101756113572953,0.0120630231413097,0.00352863942228787,0,0.00221565731166913,0.000246184145741014,0.0110782865583456,0.0478417856556704,0.164779254882652,0.102740850155917,0.0468570490727064,0.0327424913835549,0.000328245527654686,0.00664697193500739,0.00155916625635976,0.0216642048252093,0.0456261283440013,0.00467749876907927,0.0022977186935828,0.00336451665846053,0.000902675201050386,0.00221565731166913,0.00303627113080584,0.00123092072870507
"26",0.00289191234982435,0.00295013877297518,0.00124216369388428,0.127612910738893,0.0190982667934709,0.00663781223919415,0.0263959784950411,0.0412825340139355,0.0247850474545349,0.0607301593463114,0.00246491858005163,0.00531801331444209,0.0104225297439978,0.00609436562311977,0.0109659763600722,0.00531801331444209,0.00302777400384294,0.00471634027521689,0.00221260407973138,0,0.00124216369388428,0,0.00514333404498962,0.106806668866332,0.0102672592822623,0.280049686547755,0.0467364089823962,0.0734429284009083,0.00213496884886361,0.0066184034314772,0.00230964811831609,0.0305106457310327,0.0557420957630573,0.00174679269452478,0.00205733361799585,0.00230964811831609,0.000737534693243794,0.00219319527201444,0.00407584962055781,0.00170797507909089
"27",0.0030374002781234,0.00365951840737759,0.00201273512405767,0.185720559174413,0.0253604625631267,0.0111615311425016,0.0319841908804801,0.0603088633535827,0.0291297665227256,0.10283246724731,0.00296420990997585,0.00903901046622265,0.0141257410524775,0.0101734611725097,0.010283246724731,0.00479396911366464,0.00201273512405767,0.00464758837736954,0.00223230622850033,0,0.000988069969991949,0,0.00512332577032862,0.0640781673131816,0.00589182463587792,0.0573812486276806,0.181438922637781,0.0170899509624533,0.00201273512405767,0.00625777647661568,0.00278123398960697,0.0399619410085633,0.0855961355485618,0.00230549659664788,0.00204933030813145,0.00300080509404962,0.00062211812925419,0.00215911586035278,0.00398887506404157,0.00179316401961502
"28",0.00148697790144723,0.00188448684539847,0.000839185548341504,0.0668698379046862,0.0118663781046185,0.00428426306258557,0.0145900504983584,0.0245719417575784,0.0108946895749599,0.0341121564124082,0.00173726131060171,0.00373952858383758,0.00912798315739882,0.00406342476039044,0.0058301311779515,0.00281200771461802,0.00371008347687823,0.00368063836991888,0.00133975236665047,5.88902139187021e-05,0.000250283409154484,5.88902139187021e-05,0.00428426306258557,0.118663781046185,0.00512344861092708,0.130530159150803,0.02722200138392,0.391134078294539,0.00825935250209796,0.0126613959925209,0.00303284601681316,0.0348482840863919,0.0448007302386526,0.00128086215273177,0.0014428102410082,0.00126613959925209,0.00042695405091059,0.00142808768752852,0.00384258645819531,0.00194337705931717
"29",0.000842522611820097,0.000470821459546525,0.00066906207409243,0.0522859620864825,0.0114236154132078,0.0050055755172841,0.00864824680956511,0.0103085119563871,0.00205674637591377,0.0103828521868418,0.00473299467228348,0.00733490273819849,0.024557056126874,0.00599677859001363,0.00126378391773015,0.00118944368727543,0.000470821459546525,0.00158592491636724,0.000991203072729525,0,0.000198240614545905,0.000198240614545905,0.00223020691364143,0.0475034072605625,0.000223020691364143,0.0134060215586668,0.00572419774501301,0.023417172593235,0.351208028744889,0.12179407756164,0.0427951926650973,0.140949076942139,0.0662123652583323,0.00185850576136786,0.00175938545409491,0.00106554330318424,0.000470821459546525,0.00185850576136786,0.0183868169991327,0.00852434642547392
"30",0.00102498851305977,0.000689216413953982,0.000742233061181211,0.0794542819778744,0.0175838546636977,0.00772275827943308,0.0131481285123529,0.0159049941681688,0.00346375428551232,0.0149506945180787,0.00744000282755452,0.0132718340225497,0.0434736507263281,0.0102322129148553,0.00159049941681688,0.00190859930018026,0.000477149825045064,0.00166118827978652,0.00132541618068073,7.06888629696391e-05,0.000282755451878557,0,0.00268617679284629,0.0489873820379599,0.000424133177817835,0.0124942565298837,0.00834128583041742,0.00779344714240271,0.0402219630297247,0.26158413741915,0.040752129501997,0.205580885731453,0.0974269253879051,0.00178489378998339,0.00215601032057399,0.00240342134096773,0.000954299650090128,0.00238574912522532,0.021348036616831,0.00625596437281306
"31",0.000999274499336098,0.000643368513271187,0.000739189355673278,0.0701682340218745,0.0157009294621713,0.00629679821499459,0.0105539813560018,0.0118544070743159,0.00209436984107429,0.0117859636154573,0.00962315031552434,0.0131685214844017,0.0573966845988529,0.00799419599468879,0.00146469001957483,0.00113616141705337,0.000424349444923549,0.00168370908792247,0.00143731263603137,4.10660753151821e-05,0.000136886917717274,8.21321506303643e-05,0.00262822882017166,0.0393686775354879,0.000506481595553913,0.0106634908901756,0.00636524167385323,0.00466784389415904,0.0242837392030444,0.100570818446881,0.188794436915664,0.217403802718574,0.0825154339999726,0.00206699245753083,0.0021491246081612,0.00132780310185756,0.000711811972129824,0.00234076629296538,0.0610378766101324,0.0271720531668788
"32",0.00170765967995152,0.00132205910705924,0.00126697331093178,0.10090340705649,0.0252981518715399,0.0114853884925772,0.0162089955105076,0.0174208830253119,0.00399372021924147,0.0169113394111328,0.0228606053928994,0.0334233068003415,0.109496791252376,0.0155892803040736,0.00250640372379982,0.00210703170187567,0.000358057674828545,0.00229983198832181,0.00169388823091966,4.13143470956014e-05,0.000798744043848294,0.000123943041286804,0.00313989037926571,0.0354339383589941,0.000537086512242818,0.00957115707714766,0.00731263943592145,0.0048200071611535,0.00527446497920511,0.0265100393863442,0.0174208830253119,0.335128212190487,0.126807502685433,0.00291954719475583,0.00291954719475583,0.0028093756025009,0.00111548737158124,0.00268543256121409,0.0202027157297491,0.00757429696752692
"33",0.00206538093284092,0.001545616194775,0.00138147996170155,0.180317330050609,0.0381616741895773,0.0185747503761455,0.0279715497196006,0.0428669128710163,0.00701682396389003,0.0393790179182054,0.0118998768978252,0.0317740391191356,0.0367391601696074,0.0308849678566544,0.00443167829298318,0.00336479277800574,0.000574476815757078,0.0027492819039803,0.00196963479688141,0.000136780194227876,0.000820681165367255,0,0.0045137464095199,0.0415401449870059,0.000957461359595131,0.0129394063739571,0.0160853508411982,0.00492408699220353,0.00322801258377787,0.0144303104910409,0.00545752974969224,0.0824784571194091,0.305443851730269,0.00315962248666393,0.00281767200109424,0.0037477773218438,0.000738613048830529,0.00273560388455752,0.00774175899329777,0.00243468745725619
"34",0.0116455625670386,0.00388649755526767,0.0205468956774904,0.185534985443047,0.0389206959477343,0.00643570562915291,0.0255060108376168,0.00828840876481814,0.00179698274060763,0.00313427222199005,0.00225667599983284,0.00353824508615766,0.00285567024670205,0.00232632649365484,0.0056834802958753,0.0107958265424102,0.000807945728335214,0.0200732723195007,0.0528368646133701,0.00151838076531963,0.00810731748088094,0.00363575577750846,0.0623929123657487,0.00232632649365484,0.000111440790115202,0.00115619819744522,0.00135121958014682,0.000654714641926811,0.000167161185172803,0.000682574839455612,0.000390042765403207,0.00494518506136209,0.00770334461671333,0.265674843634641,0.0425425216264783,0.0820761419198462,0.0389903464415563,0.0678953013776868,0.000390042765403207,0.000417902962932007
"35",0.00628445130881687,0.00191729022980854,0.0104119511090991,0.261923148616622,0.0691822224589247,0.0104652091710383,0.0321944984422017,0.0136873219183554,0.00146459670332597,0.00423401592416052,0.003168854685378,0.00436716107900834,0.00476659654355178,0.00370143530476926,0.00314222565440844,0.00442041914094746,0.000346177402604319,0.00569861262748649,0.0136873219183554,0.000426064495513008,0.00263627406598674,0.000559209650360823,0.0208771602801374,0.00252975794210849,0.000133145154847815,0.000745612867147764,0.00117167736266077,0.000292919340665193,0.000186403216786941,0.00109179026975208,0.000106516123878252,0.00540569328682129,0.0121694671530903,0.0558677069741432,0.256011503741379,0.0680105450962639,0.0124890155247251,0.103373898223844,0.000665725774239075,0.000186403216786941
"36",0.0131960009065955,0.00413004608527034,0.0248558261351331,0.341333199022892,0.0630335692160467,0.0144803445062832,0.049434636984059,0.0162431690548742,0.00188874058777607,0.0058173210103503,0.0029968017326047,0.00622025233574253,0.00448261099498854,0.00357601551285603,0.00438187816364048,0.00765569518245234,0.000402931325392228,0.00896522198997708,0.0181319096426503,0.000554030572414314,0.00443224457931451,0.0015865420937319,0.0273237805031605,0.00312271777178977,0.000226648870533129,0.00163690850940593,0.00209020625047219,0.000629580195925357,0.000277015286207157,0.00100732831348057,0.000100732831348057,0.0051121911909139,0.0113072603188194,0.0591805384169836,0.0394117202649273,0.201364929864766,0.0112065274874714,0.037094865143922,0.000805862650784457,0.000302198494044171
"37",0.0079050123515818,0.00199219061279783,0.0143597099370468,0.154657741652721,0.0371822455972587,0.00462188222169097,0.0177703402661567,0.00618375966212447,0.0010996892182644,0.00232687863574787,0.000972189019045342,0.00205594071240736,0.00226312853613834,0.00137062714160491,0.0038568810263766,0.00757032432863176,0.000749063670411985,0.0125268945732728,0.046728823013786,0.00549844609132202,0.00616782213722209,0.007538449278827,0.0515738305841103,0.00180094031396924,6.37500996095306e-05,0.000876563869631046,0.000733126145509602,0.000398438122559566,0.000159375249023827,0.000701251095704837,0.000175312773926209,0.00380906845166946,0.00779344967726512,0.138369591202486,0.0403060004781257,0.0468244481632003,0.283528568013387,0.0768666826041916,0.000494063271973862,0.000127500199219061
"38",0.00462616722579542,0.00174149020278211,0.0069018568772837,0.212590012607107,0.0542426120216244,0.00713690463471442,0.023376567875382,0.00976516592234877,0.00103634693048997,0.00386760400863266,0.00169875424688562,0.00375008012991731,0.00384623603068442,0.00224363768456591,0.00257484134276373,0.00431633154554585,0.000181627812560097,0.00623944956088805,0.0172546421932093,0.000480779503835552,0.00258552533173786,0.00075856321716276,0.0232163080407701,0.00219021773969529,0.000106839889741234,0.00111113485330883,0.00105771490843821,0.000459411525887305,0.000149575845637727,0.000641039338447403,0.000213679779482468,0.0047543750934849,0.00954080215389218,0.0705036432402402,0.0771063484262484,0.0419773926793308,0.0225218487574521,0.372422487659993,0.000480779503835552,0.000331203658197825
"39",0.00100169779286927,0.000577249575551783,0.000407470288624788,0.0590492359932088,0.0171137521222411,0.00641765704584041,0.0099660441426146,0.00964346349745331,0.00222410865874363,0.00867572156196944,0.0209507640067912,0.0151273344651952,0.0984550084889644,0.00555178268251273,0.00130730050933786,0.00110356536502547,0.000305602716468591,0.00130730050933786,0.00106960950764007,0,0.000390492359932088,6.7911714770798e-05,0.00203735144312394,0.0203904923599321,0.000118845500848896,0.0066213921901528,0.00417657045840407,0.00256366723259762,0.00577249575551783,0.0259762308998302,0.0297453310696095,0.128556876061121,0.0566044142614601,0.00169779286926995,0.00185059422750424,0.00130730050933786,0.000628183361629881,0.00186757215619694,0.351307300509338,0.0980645161290323
"40",0.000839793281653747,0.000726744186046512,0.000500645994832041,0.0401324289405685,0.0125,0.00411821705426357,0.00731589147286822,0.00815568475452196,0.0017764857881137,0.00531330749354005,0.00794573643410853,0.0060077519379845,0.0341085271317829,0.00318152454780362,0.00169573643410853,0.000968992248062015,0.000322997416020672,0.00109819121447028,0.000952842377260982,8.0749354005168e-05,0.000290697674418605,0,0.00229328165374677,0.0107881136950904,0.000290697674418605,0.00392441860465116,0.0023094315245478,0.00171188630490956,0.0040859173126615,0.0112080103359173,0.0160852713178295,0.0580910852713178,0.0292474160206718,0.00129198966408269,0.00140503875968992,0.00111434108527132,0.000339147286821705,0.00132428940568475,0.117070413436692,0.599386304909561
