X20601,X20602,X20603,X20604,X20605,X20606,X20607,X20701,X20702,X20703,X20801,X20802,X20803,X20804,X20901,X20902,X20903,X20904,X21001,X21002,X21003,X21004,X21005,X21101,X21102,X21103,X21104,X21105,X21201,X21202,X21203,X21204,X21205,X21301,X21302,X21303,X21304,X21305,X21401,X21402
0.2,0.011949560091306,0.01842076103095984,0.31740797376060964,0.03801165702635016,0.0105666733151608,0.06529707687875361,0.01781796423110168,0.003616780799148992,0.006630764798439816,0.0016665558584314,0.0038472619285065284,0.0025352924229328725,0.002872149458147728,0.01237506371473528,0.02093832413624984,0.0016665558584314,0.012038206679520401,0.01576136338452672,5.85067482215272e-4,0.01620459632559888,0.0010460297409303442,0.0298384415929792,0.0030849012698623765,1.77293176428872e-4,0.002198435387718016,0.0019502249407175921,9.928417880016882e-4,2.30481129357528e-4,6.0279679985816e-4,3.9004498814351204e-4,0.003279923763934136,0.00900649336258672,0.0124459809853068,0.004946479622365537,0.015442235666954802,0.0033153823992199123,0.00560246437515236,4.7869157635795203e-4,5.14150211643728e-4
0.02393603301521792,0.2,0.005689229522089985,0.27219868086517524,0.0338700762739968,0.012616529717380882,0.09819079553410241,0.030450642986108563,0.007163123180662512,0.011997494380780401,0.00188658388297284,0.0040384686244887445,0.00253509709274476,0.003596300526916984,0.03133497918125208,0.03926452706437232,0.003006743063487968,0.02033973248830096,0.005807141014775784,2.06345112200152e-4,0.005866096761118688,3.83212351228856e-4,0.01677290983455544,0.0044216809757176,6.190353366004641e-4,0.004244813736688897,0.0033309996683739285,0.001385460039058184,3.24256604885952e-4,7.95902575629168e-4,4.71645970743208e-4,0.004863849073289361,0.01235122885883784,0.0060724418733188405,0.0028888315708021682,0.008047459375806,0.0017686723902870403,0.0036257784000884325,7.36946829286264e-4,6.7799108294336e-4
0.01971172811409496,0.005049309664694281,0.2,0.289631315430132,0.039981793354574406,0.00856926111363984,0.03748141404946136,0.01216203914428768,0.0019420421787285681,0.004612350174480352,0.0022090729783037443,0.0030344409042633923,0.001772113488089816,0.0024275527234107123,0.006214534971931425,0.00975876194811104,5.34061599150352e-4,0.010171445911090881,0.04546806250948264,9.22470034896072e-4,0.01080260961917768,0.0024275527234107123,0.042797754513730885,0.002160521923835536,2.1847974510696e-4,0.0017235624336216081,0.001213776361705352,4.8551054468213596e-4,1.9420421787285603e-4,5.82612653618568e-4,1.9420421787285603e-4,0.0035442269761796403,0.00723410711576392,0.025537854650280724,0.009952966165983922,0.03585495372477624,0.006141708390229104,0.01281747837960856,4.8551054468213596e-4,3.8840843574571205e-4
0.00840844707700232,0.003734226113829512,0.007301055884625288,0.2,0.05518928663404585,0.01809168168941544,0.051867113056914715,0.018941540046355922,0.0025624517125933523,0.007816121555498328,0.00401751223280968,0.005845995364408961,0.004249291784702552,0.004004635591037856,0.004738604172031937,0.004777234097347409,4.7643574555755204e-4,0.003631212979654904,0.004468194694823592,2.57532835436512e-4,0.001699716713881016,3.2191604429564804e-4,0.0110352819984548,0.003257790368271952,2.06026268349208e-4,0.00226628895184136,0.00222765902652588,7.85475148081376e-4,2.57532835436512e-4,0.001377800669585376,3.7342261138294404e-4,0.005459696111254185,0.013082668040175119,0.007854751480813809,0.005498326036569664,0.01227143960855008,0.00164821014679372,0.006876126706155033,0.001197527684779808,9.01364924027816e-4
0.003805443090833168,0.001873672361517096,0.002832295430200256,0.2952123313785656,0.2,0.03493164363913648,0.04599938270484216,0.0204506254652408,0.001496032970823728,0.006870131992229345,0.01763285462699032,0.02456108498701864,0.016398264311262,0.009586230686831681,0.003282557780642352,0.0032099348208936246,2.90491838994896e-4,0.002628951142903832,0.004023311970079344,7.262295974872456e-5,0.0010312460284318881,2.7596724704515203e-4,0.00845331251475152,0.004531672688320416,1.45245919497448e-4,0.0018446231776176,0.002047967464914032,7.84327965286224e-4,4.50262350442088e-4,0.001917246137366328,9.876722525826562e-4,0.012258755605584721,0.02390747834928016,0.006245574538390312,0.006172951578641585,0.007247771382922712,0.001786524809818624,0.006565115561284696,0.0028177708382505122,0.00119101653987908
0.0035840221978149043,0.00134111798369848,0.0017110815654084082,0.2992311694317592,0.07297531649228281,0.2,0.06492860859009192,0.034106017688883765,0.0022429042141164242,0.00818544424533208,0.00991964853459736,0.01785074281750392,0.011307011966009601,0.018498179085496242,0.003560899473958032,0.002936585929822536,1.8498179085496002e-4,0.001942308803977112,0.002404763281114512,6.936817157061105e-5,7.39927163419848e-4,2.08104514711832e-4,0.005410717382507656,0.00564194462107636,6.936817157061105e-5,0.0021735360425458082,0.002081045147118328,8.555407827042001e-4,6.93681715706104e-4,0.00286721775825192,9.4803167813168e-4,0.011491993756864561,0.029296491126654722,0.0037227585409561285,0.003121567720677496,0.004578299323660328,4.85577200994272e-4,0.004023353951095441,0.0021735360425458082,0.001387363431412224
0.01088932164881528,0.00949367088607592,0.003407984420642648,0.32580331061343765,0.043086660175267764,0.02328789354105808,0.2,0.03769879909120416,0.00428432327166504,0.01082440765985072,0.00314832846478416,0.00671859785783836,0.004511522233041225,0.0057286595261278805,0.012512171372930881,0.010223953261927921,0.001200908795845504,0.006540084388185656,0.003635183382018824,1.9474196689386403e-4,0.001736449204803632,2.4342745861732803e-4,0.007822135670236936,0.005193119117169753,3.40798442064264e-4,0.004251866277182736,0.0030022719896137602,0.0017526777020447923,3.8948393378772806e-4,0.001785134696527104,5.030834144758161e-4,0.007984420642648487,0.01733203505355408,0.004365465757870824,0.003521583901330736,0.007692307692307696,9.25024342745864e-4,0.0034242129178838005,0.001509250243427456,8.114248620577761e-4
0.004634396225699144,0.004745702685268336,0.002317198112849568,0.2292811879434864,0.032177685584548636,0.02141131531349208,0.05917456141460392,0.2,0.013437725300717199,0.03438357723782904,0.004512970997078208,0.00926879245139832,0.007659908172170856,0.01753582676667384,0.013356775148303199,0.007690264479326088,0.0012850836695716,0.0055046103641492004,0.0025398110319879603,1.92256611983152e-4,0.0014469839743995122,8.0950152413952e-5,0.006698625112255097,0.011049695804505362,8.803329075018001e-4,0.007953352474671457,0.0079634712437232,0.002630879953453664,6.77957526466904e-4,0.002954680563109496,0.001113064595691936,0.01452043358925384,0.036387093510074485,0.0031266996369891603,0.002509454724832728,0.004077863927853176,6.88076295518648e-4,0.00267135502966064,0.0018314971983658163,0.0011231833647436802
0.00863921805617592,0.007672298273732888,0.0022701594892141123,0.166709582490344,0.02436217451851072,0.009395937885914002,0.03728947160986888,0.0567329672350824,0.2,0.05429464778370424,0.0017656796027220882,0.004561338973698728,0.006579258519666832,0.006242938595338816,0.02980635329357048,0.016416616306261362,0.00670537849128984,0.014335636774481762,0.0049396988885677525,1.89179957434504e-4,0.003930739115583696,1.89179957434504e-4,0.013242597020415681,0.0183084158806064,0.005612338737223784,0.019149215691426483,0.021482435166452082,0.005591318741953281,6.09579862844528e-4,0.0028797393520586484,7.14679839197032e-4,0.01626947633936784,0.03239181271184216,0.004098899077747704,0.0027956593709766403,0.004372159016264224,0.00119813973041856,0.0022701594892141123,0.0016815996216400881,9.458997871725441e-4
0.003346372125624616,0.00283989418228684,0.001193840866439056,0.1685486241436224,0.024528003255929604,0.011793700680579762,0.03402446469351304,0.0841296040880008,0.02387681732878104,0.2,0.003418726117530016,0.0091346914780564,0.01036470934044816,0.012879010559160721,0.01166708119474528,0.005842584846360824,0.0017907612996585763,0.00432315101634748,0.0016641418138241362,5.426549392904784e-5,0.00108530987858096,0,0.005064779433377801,0.0253962511587944,0.002713274696452392,0.020928392158636164,0.034838447102448725,0.006566124765414793,8.68247902864768e-4,0.00439550500825288,0.0012842833563208001,0.023370339385443282,0.057883193524317755,0.0020982657652565202,0.0018269382956112802,0.002821805684310488,4.883894453614239e-4,0.00195355778144572,0.002586655210617952,8.50159404888416e-4
0.0016036811772477762,9.476297865555041e-4,0.00127565548190164,0.1914212168842112,0.06423836533861817,0.021576801293879122,0.02465659810018448,0.017731611198432803,0.001166313583452928,0.006706303104854328,0.2,0.041841499806373764,0.08171484544067041,0.01071550604797376,0.001202760882935832,0.0014032210300918002,1.8223649741452e-4,0.001020524385521312,0.0018405886238866478,5.467094922435593e-5,4.55591243536296e-4,0,0.0047381489327775125,0.005940909815713344,1.2756554819016e-4,0.002041048771042624,0.0018770359233695522,5.28485842502104e-4,7.10722339916624e-4,0.003462493450875872,0.0014396683295747042,0.027262580013212162,0.03770473131506416,0.0029522312581152163,0.003480717100617328,0.003207362354495544,5.83156791726456e-4,0.0029886785575981203,0.008601562677965361,0.0028246657099250563
0.0020937344427850078,0.001206173102908752,0.0012744470521300082,0.201191949363488,0.06558850721854777,0.0313605006756276,0.02975606286892824,0.02695683095085696,0.0019230495697318802,0.01193656212218192,0.03210013512552448,0.2,0.04887276865087832,0.025420667093378882,0.002287177298911888,0.002162008392006256,1.7068487305312e-4,0.001604437806699384,0.001968565535879384,0,5.23433610696248e-4,5.6894957684375204e-5,0.0036298983002631363,0.007430481473579401,1.25168906905624e-4,0.002218903349690632,0.0029471588080506404,0.001308584026740632,0.001035488229855632,0.0047905554370243925,0.0015930588151625042,0.030142948581182,0.05870421733873832,0.003254391579546264,0.0033568025033781364,0.0038119621648531445,8.19287390655e-4,0.0026968209942393843,0.0053139890477206485,0.0017751226797525041
8.41723356009072e-4,7.9818594104308e-4,7.83673469387752e-4,0.124792743764172,0.03622312925170072,0.01172607709750568,0.01625396825396824,0.013365986394557841,0.001741496598639456,0.007662585034013608,0.053899319727891117,0.03522176870748296,0.2,0.010187755102040801,0.0016253968253968241,0.001407709750566896,2.90249433106576e-4,0.001131972789115648,0.0013641723356009041,5.8049886621315204e-5,3.0476190476190403e-4,7.2562358276644e-5,0.003018594104308392,0.011668027210884321,8.707482993196801e-5,0.003657142857142856,0.00303310657596372,0.00132063492063492,0.001901133786848072,0.00979591836734696,0.006632199546485264,0.07394104308390025,0.05754195011337872,0.001857596371882088,0.002220408163265304,0.002017233560090704,7.546485260770961e-4,0.002162358276643992,0.03472834467120184,0.011276190476190481
0.002066450567260944,0.0017423014586709922,0.0018233387358184802,0.23123987034035678,0.051377633711507276,0.05141815235008104,0.039019448946515364,0.05700972447325769,0.0032820097244732564,0.01535656401944896,0.010575364667747202,0.03192868719611024,0.01596434359805512,0.2,0.0044570502431118325,0.002431118314424632,4.0518638573743205e-4,0.0018233387358184802,0.002269043760129656,0,4.4570502431117597e-4,0,0.004092382495948136,0.00935980551053488,2.0259319286872e-4,0.0034440842787682325,0.0037277147487844403,0.0014181523500810401,0.0012560777957860642,0.004700162074554297,0.002350081037277144,0.02475688816855752,0.05745542949756888,0.002998379254457048,0.002998379254457048,0.0035251215559157206,8.1037277147488e-4,0.002876823338735816,0.003565640194489464,0.0017828200972447362
0.010937471965551282,0.015559343321072961,0.0042917376872701205,0.16907149905804242,0.02226249215035432,0.006746209742531624,0.0411375257916928,0.03426213330941064,0.0215878711761012,0.01742531622858168,0.001363595586256392,0.0029137884632636562,0.00275589844801292,0.0026123620705122484,0.2,0.050309500313985844,0.02563559702162016,0.052534314165246246,0.008640889925540482,2.00950928500936e-4,0.005985466941778057,5.16730959002416e-4,0.02994168834664032,0.006243832421279272,0.001550192877007264,0.006746209742531624,0.005396967794025296,0.002669776621512512,2.8707275500134403e-4,0.0011482910200053841,2.58365479501208e-4,0.006731856104781552,0.0139086749798152,0.005798869651027184,0.003229568493765136,0.004722346819772136,0.001449717412756792,0.0038754821925181685,9.18632816004304e-4,6.45913698753024e-4
0.028389243138342082,0.03220001512211104,0.0086498475187136,0.19148625148070642,0.02663507825692464,0.008307079668321681,0.05691962597978681,0.02046525694987024,0.00931522040476848,0.0093555460342264,0.0016533508077727682,0.00294377095042468,0.002883282506237872,0.002621165914761704,0.041797514933084645,0.2,0.0043350051667212725,0.06026665322479016,0.01248078231721152,1.61302517831488e-4,0.01516243667616,7.66186959699568e-4,0.04518486780754592,0.003649469465937448,3.62930665120848e-4,0.003326864430274464,0.0025606774705748962,0.00135090858683872,3.0244222093404004e-4,9.87977921717872e-4,2.0162814728936002e-4,0.00463744738765532,0.009879779217178721,0.00909342944275024,0.003951911686871488,0.0077223580411825525,0.001935630213977872,0.005544774050457449,7.863497744285041e-4,5.645588124102081e-4
0.006535211267605633,0.00888888888888888,0.0025039123630672963,0.1121752738654144,0.01645070422535208,0.004782472613458528,0.02541471048513304,0.02471361502347416,0.027192488262910805,0.01900469483568072,0.001151799687010952,0.001752738654147104,0.0028294209702660403,0.00225352112676056,0.0976525821596248,0.030372456964006242,0.2,0.07278873239436616,0.010466353677621281,1.00156494522688e-4,0.004056338028169016,4.5070422535211204e-4,0.0384600938967136,0.01099217527386544,0.007010954616588416,0.0165508607198748,0.007586854460093897,0.01146791862284816,4.0062597809076e-4,0.0012519561815336482,2.00312989045376e-4,0.007912363067292648,0.0149733959311424,0.004482003129890456,0.0029796557120500802,0.003054773082942096,0.00155242566510172,0.003305164319248824,8.262910798122081e-4,5.00782472613456e-4
0.01402174399355736,0.01164153729139632,0.005995257482886672,0.10556127242628961,0.01737729855487448,0.0038119099816563045,0.025878036776878,0.01319851460784752,0.00904657509731112,0.007766990291262137,9.03762695181424e-4,0.0017627846628786162,0.002263880810701984,0.0017180439353943922,0.053733613708558885,0.05780501990962376,0.0163393136772404,0.2,0.01834369826853384,6.17422039282352e-4,0.01301955169791064,0.001064829314124648,0.10101561451389202,0.0037045322356941517,7.426960762382e-4,0.003418191579795088,0.0024338955751420483,0.001503288443470088,1.7896290993691202e-4,7.695405127287361e-4,2.0580734642744802e-4,0.004814102277303032,0.008366516039550801,0.0107109301597244,0.005476265044069617,0.006192116683817281,0.003373450852310856,0.0084470493490224,4.02666547358056e-4,3.4897767437698404e-4
0.01834105328714336,0.004234946090070456,0.06358646997002841,0.1855280059164688,0.030391966058152642,0.005480518469502937,0.02338562142384496,0.00850103148962672,0.001370129617375736,0.0023977268304075363,0.0012767116889182961,0.0024911447588649763,0.0024288661398933443,0.0012144330699466722,0.007629130824023976,0.010369390058775442,9.65318594060176e-4,0.01407496788758712,0.2,0.0012767116889182961,0.013265345840956,0.0034564633529251525,0.07264800903039977,0.002086333735549416,9.341792845743201e-5,0.001183293760460864,9.03039975088552e-4,5.60507570744616e-4,9.341792845743201e-5,6.227861897162401e-4,9.341792845743201e-5,0.004110388852127201,0.006570394301506368,0.050632517223930563,0.014292943053987761,0.04786111867969328,0.01170838036666536,0.020832198046008322,4.3595033280136806e-4,3.1139309485812003e-4
0.005509001908238616,0.0021239525429353682,0.011814486020078,0.11469343731850962,0.02137227246328712,0.003185928814403056,0.012212727121878401,0.0049116402555380405,0.001327470339334608,0.0015265908902348001,0,0.001061976271467688,0.001991205509001912,0.001061976271467688,0.0037832904671036244,0.0066373516966730245,9.95602754500952e-4,0.017920849581017202,0.042080809756906964,0.2,0.005044387289471504,0.05031112586078153,0.0843607400647144,0.001460217373268064,0,7.9648220360076e-4,1.99120550900184e-4,3.98241101800376e-4,0,8.62855720567496e-4,1.99120550900184e-4,0.002986808263502864,0.004579772670704392,0.03404961420393264,0.008694930722641681,0.013606570978179681,0.02688127437152576,0.018451837716751043,3.3186758483364805e-4,5.3098813573384e-4
0.05053067564069376,0.008723789800673041,0.02803520579860216,0.2123996893606008,0.032643023556821124,0.006704633704374841,0.03334196220553976,0.0117784105617396,0.0039347657261196,0.005099663473983953,0.001604970230390888,0.0030028475278281123,0.0025627750453015765,0.0015273103805332642,0.013435154025368882,0.02599016308568472,0.0015014237639140561,0.02653378203468808,0.03717318146518248,8.0248511519544e-4,0.2,0.0018120631633445521,0.09513331607558881,0.002200362412632672,3.3652601604969605e-4,0.001346104064198808,0.00119078436448356,7.76598498576232e-4,3.62412632668904e-4,8.283717318146481e-4,2.3297954957286402e-4,0.00434895159202692,0.00838726378462336,0.01990680818017088,0.007092932953662952,0.01630856847010096,0.005410302873414448,0.011467771162309121,4.1418586590732e-4,1.5531969971524002e-4
0.010002778549597122,0.002222839677688248,0.01653792720200056,0.113542650736316,0.019872186718532962,0.002445123645457072,0.01435954431786608,0.004223395387607672,7.55765490414e-4,0.002445123645457072,8.44679077521536e-4,0.001155876632397888,0.001911642122811896,0.001689358155043064,0.005557099194220616,0.007824395665462633,8.44679077521536e-4,0.017293692692414563,0.06255070853014728,0.029963878855237602,0.00849124756876912,0.2,0.1114087246457352,0.0012892470130591843,0,4.89024729091408e-4,7.113086968602321e-4,2.2228396776882402e-4,0,5.33481522645176e-4,4.4456793553764804e-4,0.0027563212003334243,0.004623506529591552,0.051614337315921126,0.01320366768546816,0.016004445679355363,0.026540705751597685,0.023917754931925522,0,0
0.021213866955844,0.005123860517130368,0.01919414415940896,0.1139991189128744,0.02065810430716056,0.003917448913890681,0.017404859534379362,0.006398048053136329,0.00235860246026636,0.00279236842997052,9.488630587278481e-4,0.001504625707411296,0.00181639499813616,0.001070859737707144,0.012890982412145442,0.02271849266325528,0.0023857128333728723,0.053705649123996085,0.05426141177267953,7.72645633535528e-4,0.029672303365075044,0.0028601443627367922,0.2,0.002073943542648008,1.89772611745568e-4,0.0010979701108136482,0.0012064116032396881,4.33765969704152e-4,1.491070520858e-4,4.20210783150896e-4,1.6266223863905602e-4,0.003117692907248632,0.005598292046494289,0.022352502626317362,0.008865092005828721,0.013894066217086321,0.00573384391202684,0.014382052933003521,4.33765969704152e-4,2.5754854451184e-4
0.0011841293770986081,0.0014034125950798321,4.71458918659624e-4,0.07884328102514904,0.017060234358939202,0.006315356677859248,0.014538477352155122,0.02607277461796752,0.008398547248680879,0.036302336736791604,0.0038045638319742325,0.008519153018570562,0.01730144589871856,0.00930857260330296,0.004144452819845128,0.0025327211676831364,8.990611937230161e-4,0.0020502980881244403,0.0014911258822723201,3.28924826971836e-5,4.0567395326526404e-4,9.8677448091544e-5,0.0031467141780305605,0.2,0.001644624134859176,0.051717946960871675,0.027059549098883043,0.026006989652573122,0.0035523881312958245,0.0157993558555472,0.005087370657164392,0.062024258205989204,0.09543205646542881,0.00167751661755636,0.00163365997396012,0.0015788391694648081,8.003837456314641e-4,0.0018419790310422802,0.006666209826629208,0.002148975536215992
0.003545051698670608,0.004529788281634664,9.84736582964056e-4,0.11527982931232561,0.01733136386016744,0.005842770392253408,0.028294764483833917,0.04201542753979976,0.07398654193336617,0.04608567208271784,0.001509929427211552,0.003085507959954048,0.006302314130969967,0.003938946331856232,0.01785655670441488,0.007155752502872152,0.00814048908583624,0.00965041851304776,0.0028229115378302964,0,0.001772525849335304,1.96947316592808e-4,0.00886262924667648,0.03827342852453632,0.2,0.0821926801247336,0.03748563925816512,0.02619399310684392,2.6259642212374403e-4,0.005317577548005912,0.0012473330050878082,0.01733136386016744,0.03650090267520104,0.0037419990152634166,0.00183817495486624,0.002691613326768424,7.221401608403041e-4,0.001772525849335304,0.002429016904644672,9.84736582964056e-4
0.00231352987985948,0.0023601110183801444,9.93730955107424e-4,0.1020903285911144,0.01527861343477672,0.00531024979135532,0.02111678279603288,0.033026027211148404,0.01982803796362792,0.04858412747704913,0.001971934864041304,0.004254410651553672,0.00833802379519824,0.004875492498495816,0.008772781088057761,0.004254410651553672,0.0024222192030743522,0.0037730722201735124,0.001770083263785104,0,9.93730955107424e-4,0,0.0041146672359916965,0.08544533509306561,0.00821380742580984,0.2,0.037389127185916964,0.05875434272072664,0.0017079750790908882,0.00529472274518176,0.0018477184946528722,0.02440851658482616,0.044593676610445845,0.001397434155619824,0.0016458668943966802,0.0018477184946528722,5.900277545950321e-4,0.001754556217611552,0.0032606796964462486,0.001366380063272712
0.0024299202224987203,0.0029276147259020722,0.0016101880992461359,0.1485764473395304,0.02028837005050136,0.00892922491400128,0.025587352704384083,0.048247090682866166,0.02330381321818048,0.082265973797848,0.0023713679279806802,0.007231208372978121,0.011300592841982001,0.00813876893800776,0.008226597379784801,0.003835175290931712,0.0016101880992461359,0.0037180707018956323,0.001785844982800264,0,7.90455975993552e-4,0,0.004098660616262896,0.05126253385054528,0.004713459708702336,0.04590499890214448,0.2,0.013671960769962641,0.0016101880992461359,0.005006221181292544,0.002224987191685576,0.03196955280685064,0.06847690843884945,0.0018443972773183042,0.00163946424650516,0.0024006440752396964,4.97694503403352e-4,0.001727292688282224,0.003191100051233256,0.001434531215692016
0.0011895823211577842,0.0015075894763187762,6.713484386732001e-4,0.053495870323748966,0.009493102483694801,0.0034274104500684566,0.01167204039868672,0.01965755340606272,0.00871575165996792,0.027289725129926563,0.001389809048481368,0.0029916228670700644,0.007302386525919057,0.0032507398083123523,0.0046641049423612,0.0022496061716944164,0.002968066781502584,0.0029445106959351043,0.001071801893320376,4.711217113496168e-5,2.0022672732358403e-4,4.711217113496168e-5,0.0034274104500684566,0.094931024836948,0.004098758888741664,0.1044241273206424,0.021777601107136002,0.2,0.006607482001678368,0.010129116794016721,0.002426276813450528,0.027878627269113523,0.035840584190922085,0.001024689722185416,0.00115424819280656,0.0010129116794016719,3.41563240728472e-4,0.001142470150022816,0.0030740691665562484,0.001554701647453736
6.740180894560721e-4,3.7665716763721603e-4,5.35249659273944e-4,0.041828769669186,0.00913889233056624,0.00400446041382728,0.0069185974476520876,0.00824680956510968,0.0016453971007310162,0.00830628174947344,0.0037863957378267837,0.005867922190558792,0.019645644901499202,0.004797422872010904,0.00101102713418412,9.515549498203441e-4,3.7665716763721603e-4,0.001268739933093792,7.929624581836161e-4,0,1.5859249163672e-4,1.5859249163672e-4,0.001784165530913144,0.03800272580845,1.7841655309131202e-4,0.01072481724693344,0.004579358196010408,0.018733738074588,0.2,0.09743526204931201,0.03423615413207784,0.11275926155371122,0.05296989220666584,0.001486804609094288,0.001407508363275928,8.52434642547392e-4,3.7665716763721603e-4,0.001486804609094288,0.014709453599306161,0.006819477140379136
8.19990810447816e-4,5.51373131163184e-4,5.93786448944968e-4,0.06356342558229952,0.014067083730958161,0.006178206623546464,0.01051850280988232,0.01272399533453504,0.002771003428409856,0.011960555614462961,0.0059520022620436165,0.01061746721803976,0.03477892058106248,0.00818577033188424,0.001272399533453504,0.001526879440144208,3.81719860036048e-4,0.0013289506238292161,0.001060332944544584,5.655109037571129e-5,2.2620436150284004e-4,0,0.002148941434277032,0.03918990563036792,3.39306542254264e-4,0.009995405223906961,0.006673028664333936,0.006234757713922168,0.032177570423779764,0.2,0.0326017036015976,0.1644647085851624,0.07794154031032408,0.001427915031986712,0.001724808256459192,0.0019227370727741841,7.63439720072096e-4,0.001908599300180256,0.0170784292934648,0.005004771498250449
7.99419599468872e-4,5.14694810616944e-4,5.913514845386161e-4,0.0561345872174996,0.012560743569737041,0.005037438571995672,0.00844318508480144,0.009483525659452721,0.0016754958728594322,0.00942877089236584,0.007698520252419472,0.010534817187521361,0.04591734767908232,0.006395356795751032,0.0011717520156598641,9.08929133642696e-4,3.3947955593883203e-4,0.001346967270337976,0.001149850108825096,3.285286025214568e-5,1.09509534173816e-4,6.570572050429144e-5,0.002102583056137328,0.03149494202839032,4.0518527644312806e-4,0.008530792712140479,0.005092193339082584,0.003734275115327232,0.01942699136243552,0.0804566547575048,0.2,0.1739230421748592,0.06601234719997809,0.0016535939660246642,0.00171929968652896,0.001062242481486048,5.694495777038561e-4,0.001872613034372304,0.04883030128810592,0.021737642533503042
0.0013661277439612162,0.001057647285647392,0.001013578648745424,0.080722725645192,0.02023852149723192,0.00918831079406176,0.01296719640840608,0.013936706420249521,0.003194976175393176,0.01352907152890624,0.01828848431431952,0.0267386454402732,0.08759743300190082,0.01247142424325888,0.002005122979039856,0.0016856253615005362,2.86446139862832e-4,0.0018398655906574479,0.0013551105847357282,3.305147767648112e-5,6.389952350786321e-4,9.915443302944e-5,0.0025119123034125683,0.028347150687195285,4.2966920979424804e-4,0.007656925661718128,0.005850111548737161,0.0038560057289227997,0.004219571983364088,0.02120803150907536,0.013936706420249521,0.2,0.10144600214834641,0.0023356377558046643,0.0023356377558046643,0.00224750048200072,8.923898972649921e-4,0.002148346048971272,0.016162172583799282,0.006059437574021536
0.001652304746272736,0.00123649295582,0.00110518396936124,0.1442538640404872,0.03052933935166184,0.014859800300916402,0.022377239775680482,0.03429353029681304,0.005613459171112024,0.03150321433456432,0.009519901518260161,0.025419231295308483,0.02939132813568592,0.024707974285323522,0.003545342634386544,0.002691834222404592,4.59581452605656e-4,0.00219942552318424,0.001575707837505128,1.0942415538229601e-4,6.565449322938001e-4,0,0.00361099712761592,0.033232115989604724,7.65969087676104e-4,0.010351525099165681,0.01286828067295856,0.003939269593762824,0.002582410067022296,0.011544248392832721,0.004366023799753792,0.06598276569552729,0.2,0.002527697989331144,0.0022541376008753922,0.0029982218574750403,5.908904390644161e-4,0.0021884831076460164,0.006193407194638217,0.001947749965804952
0.00931645005363088,0.0031091980442141363,0.016437516541992322,0.1484279883544376,0.03113655675818744,0.005148564503322329,0.020404808670093443,0.0066307270118545125,0.0014375861924861041,0.0025074177775920403,0.001805340799866272,0.002830596068926128,0.0022845361973616403,0.0018610611949238722,0.00454678423670024,0.00863666123392816,6.46356582668168e-4,0.01605861785560056,0.04226949169069608,0.001214704612255704,0.006485853984704752,0.002908604622006768,0.04991432989259896,0.0018610611949238722,8.915263209216e-5,9.249585579561761e-4,0.001080975664117456,5.237717135414481e-4,1.3372894813824002e-4,5.46059871564488e-4,3.1203421232256e-4,0.003956148049089672,0.006162675693370664,0.2,0.03403401730118264,0.06566091353587697,0.031192277153245043,0.05431624110214944,3.1203421232256e-4,3.343223703456e-4
0.005027561047053496,0.001533832183846832,0.008329560887279281,0.20953851889329764,0.05534577796713977,0.00837216733683064,0.025755598753761363,0.01094985753468432,0.001171677362660776,0.003387212739328416,0.0025350837483024,0.0034937288632066726,0.003813277234841424,0.0029611482438154082,0.002513780523526752,0.0035363353127579687,2.76941922083448e-4,0.004558890101989193,0.01094985753468432,3.4085159641040005e-4,0.002109019252789392,4.47367720288656e-4,0.01670172822410992,0.002023806353686792,1.06516123878248e-4,5.96490293718208e-4,9.373418901286161e-4,2.34335472532152e-4,1.49122573429552e-4,8.734322158016641e-4,8.521289910260001e-5,0.004324554629457032,0.00973557372247224,0.04469416557931456,0.2,0.054408436077011124,0.00999121241978008,0.0826991185790752,5.32580619391256e-4,1.49122573429552e-4
0.0105568007252764,0.0033040368682162725,0.01988466090810648,0.27306655921831363,0.050426855372837365,0.011584275605026562,0.0395477095872472,0.01299453524389936,0.0015109924702208562,0.00465385680828024,0.00239744138608376,0.004976201868594024,0.003586088795990832,0.0028608124102848242,0.003505502530912384,0.0061245561459618725,3.2234506031377603e-4,0.007172177591981664,0.01450552771412024,4.4322445793144806e-4,0.003545795663451608,0.0012692336749855202,0.0218590244025284,0.002498174217431816,1.81319096426496e-4,0.0013095268075247442,0.0016721650003777523,5.0366415674028e-4,2.2161222896572002e-4,8.058626507844561e-4,8.058626507844e-5,0.00408975295273112,0.009045808255055519,0.04734443073358688,0.031529376211941844,0.2,0.00896522198997712,0.0296758921151376,6.4469012062756e-4,2.41758795235336e-4
0.00632400988126544,0.001593752490238264,0.011487767949637441,0.12372619332217681,0.02974579647780696,0.003697505777352776,0.01421627221292536,0.004947007729699577,8.797513746115201e-4,0.001861502908598296,7.777512152362721e-4,0.0016447525699258881,0.0018105028289106722,0.001096501713283928,0.00308550482110128,0.006056259462905408,5.99250936329584e-4,0.01002151565861824,0.037383058411028805,0.004398756873057616,0.0049342577097776725,0.0060307594230616,0.04125906446728825,0.0014407522511753921,5.1000079687624486e-5,7.01251095704832e-4,5.8650091640768e-4,3.18750498047648e-4,1.27500199219056e-4,5.61000876563864e-4,1.4025021914096e-4,0.0030472547613355685,0.0062347597418120964,0.11069567296198879,0.03224480038250056,0.03745955853056024,0.2,0.06149334608335329,3.95250617579088e-4,1.0200015937524801e-4
0.0037009337806363364,0.001393192162225688,0.005521485501826961,0.17007201008568562,0.04339408961729952,0.005709523707771537,0.0187012543003056,0.007812132737879016,8.290775443919761e-4,0.003094083206906128,0.001359003397508496,0.003000064103933848,0.0030769888245475363,0.0017949101476527282,0.0020598730742109844,0.0034530652364366805,1.45302250048072e-4,0.00499155964871044,0.01380371375456744,3.8462360306844003e-4,0.002068420265390288,6.06850573730208e-4,0.01857304643261608,0.0017521741917562322,8.5471911792984e-5,8.88907882647064e-4,8.46171926750568e-4,3.6752922070984006e-4,1.19660676510176e-4,5.1283147075792e-4,1.70943823585968e-4,0.0038035000747879202,0.007632641723113744,0.056402914592192155,0.061685078740998725,0.03358191414346464,0.018017479005961682,0.2,3.8462360306844003e-4,2.64962926558256e-4
8.01358234295416e-4,4.6179966044142403e-4,3.25976230899824e-4,0.047239388794567044,0.01369100169779288,0.005134125636672328,0.007972835314091679,0.0077147707979626475,0.0017792869269949042,0.006940577249575553,0.01676061120543296,0.01210186757215616,0.07876400679117151,0.004441426146010184,0.0010458404074702881,8.828522920203761e-4,2.4448217317487203e-4,0.0010458404074702881,8.55687606112056e-4,0,3.1239388794566405e-4,5.4329371816638406e-5,0.001629881154499152,0.01631239388794568,9.5076400679112e-5,0.00529711375212224,0.0033412563667232563,0.002050933786078096,0.0046179966044142635,0.02078098471986416,0.0237962648556876,0.10284550084889682,0.04528353140916808,0.00135823429541596,0.001480475382003392,0.0010458404074702881,5.025466893039041e-4,0.0014940577249575521,0.2,0.07845161290322585
6.71834625322992e-4,5.81395348837208e-4,4.00516795865632e-4,0.032105943152454804,0.010000000000000002,0.003294573643410856,0.005852713178294576,0.006524547803617569,0.00142118863049096,0.00425064599483204,0.006356589147286824,0.0048062015503876005,0.027286821705426317,0.002545219638242896,0.001356589147286824,7.751937984496081e-4,2.5839793281653604e-4,8.78552971576224e-4,7.622739018087841e-4,6.45994832041344e-5,2.3255813953488e-4,0,0.0018346253229974162,0.008630490956072321,2.3255813953488e-4,0.003139534883720928,0.00184754521963824,0.001369509043927648,0.0032687338501292,0.008966408268733841,0.012868217054263602,0.04647286821705424,0.02339793281653744,0.001033591731266152,0.0011240310077519362,8.91472868217056e-4,2.7131782945736003e-4,0.0010594315245478002,0.0936563307493536,0.2
